Card_Number,Card_Holder_name,CVC,Expiry,Card_Type
3545313712878118,Charmion Cardenosa,446,2024-12,jcb
30504024424884,Darline Fronks,548,2025-09,diners-club-carte-blanche
201618030595363,Elwyn Larne,723,2025-06,diners-club-enroute
3569217827575280,Spike Leamon,735,2025-03,jcb
3586963263908415,Claudelle Sampson,203,2025-02,jcb
4903874607111018,Deni Winfred,624,2025-05,switch
6391631203656174,Cindie Staples,625,2025-02,instapayment
3576919833118325,Archibald Louth,494,2025-03,jcb
3534421208984671,Marylou Yearsley,993,2025-10,jcb
3548363096186866,April Eilhertsen,262,2025-11,jcb
3559423222105739,Perl Lynnett,926,2025-08,jcb
5557138376398727,Frederik Sweet,969,2024-12,diners-club-us-ca
5108752220966333,Elinor Whitley,958,2025-11,mastercard
670933082798767190,Pattie Vanichkov,361,2025-07,laser
5602244064048825,Zonnya Burtonshaw,665,2025-03,bankcard
4031259940840,Florencia Davidavidovics,591,2025-02,visa
3554963112185700,Nonnah Concannon,737,2025-06,jcb
3557758853419947,Leroi Ianetti,164,2025-07,jcb
3554772476966427,Micky Barnes,204,2025-03,jcb
3579692585248577,Antin Heffernan,598,2025-08,jcb
676763610516809142,Shellie Kerwood,982,2025-09,solo
589396620605430833,Lane Ilyinykh,835,2025-01,maestro
67593020080714595,Freeman Jurkowski,369,2025-02,maestro
56022138092444490,Sherie Ingerfield,174,2025-05,china-unionpay
3554253511075987,Cornelle Aime,740,2025-11,jcb
4844015456037852,Avery Nibley,947,2024-12,visa-electron
3542107067140733,Bidget Whitlock,290,2025-09,jcb
3560939246283092,Xenia Iacopini,970,2025-04,jcb
3560508194853105,Nobie Brittles,101,2025-09,jcb
3547213832149721,Sofia Janjic,494,2025-07,jcb
6333424940798736,Gaile Cawker,950,2025-05,switch
4508043483553136,Annamaria Elmer,119,2025-03,visa-electron
5048374257288540,Godwin Waltering,782,2025-10,mastercard
3579640781846009,Robinette Brenneke,439,2025-06,jcb
201687053464096,Ursa Nanuccioi,683,2025-09,diners-club-enroute
676107926815460741,Isabelita Lumley,952,2025-07,maestro
6377876517625559,Gail Breazeall,902,2025-03,instapayment
3529977185698268,Thatcher Muncer,709,2025-09,jcb
5018189965128929,Jacquenette Lipsett,188,2025-09,maestro
3566060526395714,Slade Simonitto,968,2025-12,jcb
3575535408835613,Normie Saer,316,2025-08,jcb
3570187329306434,Kaycee Kubu,120,2025-01,jcb
4936436746487427,Shaughn Ribey,584,2025-02,switch
564182062272326609,Genny Fergie,301,2025-09,switch
3586840204019843,Michal Cattellion,370,2025-09,jcb
3536225600829709,Marten Franklin,374,2025-10,jcb
3571641191300783,Kiley Lamport,551,2025-01,jcb
564182758875559195,Powell Lucien,249,2025-03,switch
3539197132084912,Katleen Stobart,683,2025-08,jcb
372301321660310,Keelia Thomtson,900,2025-10,americanexpress
4844762433957484,Benetta Hogbourne,924,2025-03,visa-electron
3558111844941331,Yance Meachem,363,2025-02,jcb
50206442003730463,Wylma Ralls,762,2025-04,maestro
6304465283650591,Anna-diana Tantum,129,2025-03,laser
3548195048255872,Clementius Blumfield,293,2025-05,jcb
50186802063659130,Lawton Abbey,203,2025-09,maestro
3578728128729748,Lanie Beaves,132,2025-05,jcb
3535928923311567,Barret Jolland,468,2025-11,jcb
3552082580335945,Bay Hovington,248,2024-12,jcb
3540039344742332,Doretta Hoy,255,2024-12,jcb
